Course,Student ID,Attendance,FinalMarks
BCA,12,81.75,59.5
BCOM,7,78.42857142857143,62.285714285714285
BSC,11,77.45454545454545,62.54545454545455
